"job_name, company_name, company_location, link"
"Software Engineer Intern– Software, Machine Learning, Data S...",BOEING,서울,https://kr.indeed.com/viewjob?jk=a185cd83b15e9837
바른ICT연구소 프로그래머 인턴,연세대학교,서울 신촌역,https://kr.indeed.com/viewjob?jk=42dc34d846250c97
AI 모빌리티 서비스의 미래 함께 열어갈 우수한 인재 찾습니다.,라온로드,성남 분당구,https://kr.indeed.com/viewjob?jk=5133adebeb209d23
"서버엔진 개발자 정규직 직원 ( C++, Python )",하몬소프트,서울 금천구,https://kr.indeed.com/viewjob?jk=0b15c7881ef76f10
(주)네패스 인공지능연구소 전문연구요원,네패스,서울 서초구,https://kr.indeed.com/viewjob?jk=4dc08716acc80588
2022년 4월 롯데멤버스 신입사원 일반전형,롯데멤버스,서울 중구,https://kr.indeed.com/viewjob?jk=d5b3958637d1f0a6
한국전자금융 상반기 각 부문,한국전자금융,서울 마포구,https://kr.indeed.com/viewjob?jk=3bd4b3a778c2d8ad
Game Data Analyst (FPS),오피지지,서울 강남구,https://kr.indeed.com/viewjob?jk=d2e02683e82fab25
[클라우드플랫폼실] System Engineering팀 클라우드 엔지니어,야놀자,서울 강남구,https://kr.indeed.com/viewjob?jk=4ae5eb5bb613a826
"개발자 - Python 프로그래밍과 Java, C 소스코드 분석",바인테크,서울 송파구,https://kr.indeed.com/viewjob?jk=4cc15c26097421c5
2022년 자동화제어 실무자 과정 교육생,한국자동차연구원,충청남도,https://kr.indeed.com/viewjob?jk=da6a0ddcccd63af5
데이터 엔지니어 (전문연구요원 가능),메쉬코리아,서울 강남구,https://kr.indeed.com/viewjob?jk=f8770ce02276dab1
[HDC랩스] 2022년 상반기 기술연구소 경력,에이치디씨랩스,성남 분당구,https://kr.indeed.com/viewjob?jk=b9e74677c7baa853
A.I.개발자,파이프트리스마트팜,서울 송파구,https://kr.indeed.com/viewjob?jk=229eb9cfd32480ed
딥엑스 NPU SDK (DXNN) 개발 엔지니어,딥엑스,성남 분당구,https://kr.indeed.com/viewjob?jk=8e91aa6c93de1790
Diploma Student / Intern_Software Engineer_Korea,SAP,서울,https://kr.indeed.com/viewjob?jk=aa501a963588115d
상점 계약 운영기획 담당자,메쉬코리아,서울 강남구,https://kr.indeed.com/viewjob?jk=4409541acefbf14a
[HYBE] 데이터분석,하이브,서울 용산구,https://kr.indeed.com/viewjob?jk=444cf80dd61163ec
[kt ds] 2022년 각 부문별 경력사원 수시,케이티디에스,서울 서초구,https://kr.indeed.com/viewjob?jk=b515669e8032265b
인공지능분야 개발연구원,에듀템,서울 마포구,https://kr.indeed.com/viewjob?jk=66b192eca99fa208
PostgreSQL Engineer 모집,카카오,성남 판교역,https://kr.indeed.com/viewjob?jk=5e83925b851c406f
빅데이터 플랫폼 및 데이터 파이프라인 구축 인력 (2분야),지에스아이티엠,서울 종로구,https://kr.indeed.com/viewjob?jk=d430486b959b2ddb
"[광고 추천] 데이터 사이언스, 머신러닝 전문가 영입",카카오,성남 판교역,https://kr.indeed.com/viewjob?jk=62207843f8aee746
Python Programmer,Mofac,서울 서초구,https://kr.indeed.com/viewjob?jk=df21e3bb5d773616
게임데이터 분석 및 지표 개발자 모집,엔씨소프트,성남 판교역,https://kr.indeed.com/viewjob?jk=2cf7a508e0db24a2
[FashionGo korea] 추천 통계 분석 및 모델 연구 개발,NHN FashionGo korea] [FashionGo korea,성남 판교역,https://kr.indeed.com/viewjob?jk=e13c32ba4eff23da
한국리스크관리 금융IT개발 개발자,한국리스크관리,서울 종로구,https://kr.indeed.com/viewjob?jk=d4c3c12ac6af3834
자산운용팀 전략/리스크팀 퀀트(겨울방학 인턴),마이퍼스트에셋자산운용,대한민국,https://kr.indeed.com/viewjob?jk=872035f47cfd4850
[인재풀] 아티스트 ART,Electronic Arts,서울,https://kr.indeed.com/viewjob?jk=aac8e9355cb855ac
기술 문서 작성 전문가,딥엑스,성남 분당구,https://kr.indeed.com/viewjob?jk=44f52ea73a6d25da
서울대학교 AI연구원 인턴,서울대학교 AI연구원,서울 관악구,https://kr.indeed.com/viewjob?jk=f56b4b9b5fa26dc9
Quantitative Research Intern,WorldQuant,서울,https://kr.indeed.com/viewjob?jk=4a0a7b36dbc554f9
Network Engineer,에스케이텔레콤,서울 중구,https://kr.indeed.com/viewjob?jk=ef4f835e3c0b953e
"데이터 분석 위한 경력 프로그래머(Java, Python)",비즈플러그,서울 영등포구,https://kr.indeed.com/viewjob?jk=22f66440e8c8044c
[데이터] 데이터 서비스/플랫폼 개발,NHN] [데이터,성남 판교역,https://kr.indeed.com/viewjob?jk=031eec3794f09645
딥러닝 알고리즘 및 응용 Engineer,딥엑스,성남 분당구,https://kr.indeed.com/viewjob?jk=35f0a25dee5f3312
[취업연계 무료교육] 스마트 안전진단 비파괴검사 전문가 양성 과정 교육생,한국산업기술협회,서울,https://kr.indeed.com/viewjob?jk=81e6c1f49d48d393
LG유플러스,무관,서울,https://kr.indeed.com/viewjob?jk=abdc136f65ceddd4
IT 솔루션 대기업 기술 연구소 다수,에이랩,성남 분당구,https://kr.indeed.com/viewjob?jk=7dc71e20f9c9440b
"S/W개발자, H/W개발자, 기구설계 전문가",뉴로직,서울 강서구,https://kr.indeed.com/viewjob?jk=b40a09bb26c18930
Machine Learning Researcher – Audio and Speech,Qcom,서울,https://kr.indeed.com/viewjob?jk=317d9a9e34ca6a93
ML Modeler,비바리퍼블리카,서울 강남구,https://kr.indeed.com/viewjob?jk=46620da0e36aa151
[데이터실] (경력/신입) 카카오 데이터실 Data Scientist / Data Engineer 모집,카카오,성남 판교역,https://kr.indeed.com/viewjob?jk=286fb10394b17d67
Web / Spring Framework 개발자,에릭슨엘지,서울 금천구,https://kr.indeed.com/viewjob?jk=3c1c5dc51d08cf18
Software Engineer for Deep Learning Enablement,Qcom,서울,https://kr.indeed.com/viewjob?jk=9f6e0c2b3a731b0f
[쿠키런: 오븐브레이크] 데이터 분석가 (경력),데브시스터즈,서울 강남구,https://kr.indeed.com/viewjob?jk=8ce6cbedafd12e14
[대형증권사] IT퀀트 개발자,인코리아 프로페셔널,서울 강남구,https://kr.indeed.com/viewjob?jk=d75dda115e6bbcd5
2022 SSG TECH Rookie 대규모,에스에스지닷컴,서울 종로구,https://kr.indeed.com/viewjob?jk=694dfebf22304f4a
[전문연구요원] 반도체IP SW 개발자,칩스앤미디어,서울 강남구,https://kr.indeed.com/viewjob?jk=6c747a14b86bc843
[NAVER Cloud] Media 서비스 개발,네이버클라우드,성남 분당구,https://kr.indeed.com/viewjob?jk=68b7dec545fc950f
"Software Engineer Intern– Software, Machine Learning, Data S...",BOEING,서울,https://kr.indeed.com/viewjob?jk=-1
바른ICT연구소 프로그래머 인턴,연세대학교,서울 신촌역,https://kr.indeed.com/viewjob?jk=-1
AI 모빌리티 서비스의 미래 함께 열어갈 우수한 인재 찾습니다.,라온로드,성남 분당구,https://kr.indeed.com/viewjob?jk=-1
"서버엔진 개발자 정규직 직원 ( C++, Python )",하몬소프트,서울 금천구,https://kr.indeed.com/viewjob?jk=-1
(주)네패스 인공지능연구소 전문연구요원,네패스,서울 서초구,https://kr.indeed.com/viewjob?jk=-1
2022년 4월 롯데멤버스 신입사원 일반전형,롯데멤버스,서울 중구,https://kr.indeed.com/viewjob?jk=-1
한국전자금융 상반기 각 부문,한국전자금융,서울 마포구,https://kr.indeed.com/viewjob?jk=-1
Game Data Analyst (FPS),오피지지,서울 강남구,https://kr.indeed.com/viewjob?jk=-1
[클라우드플랫폼실] System Engineering팀 클라우드 엔지니어,야놀자,서울 강남구,https://kr.indeed.com/viewjob?jk=-1
"개발자 - Python 프로그래밍과 Java, C 소스코드 분석",바인테크,서울 송파구,https://kr.indeed.com/viewjob?jk=-1
2022년 자동화제어 실무자 과정 교육생,한국자동차연구원,충청남도,https://kr.indeed.com/viewjob?jk=-1
데이터 엔지니어 (전문연구요원 가능),메쉬코리아,서울 강남구,https://kr.indeed.com/viewjob?jk=-1
[HDC랩스] 2022년 상반기 기술연구소 경력,에이치디씨랩스,성남 분당구,https://kr.indeed.com/viewjob?jk=-1
A.I.개발자,파이프트리스마트팜,서울 송파구,https://kr.indeed.com/viewjob?jk=-1
딥엑스 NPU SDK (DXNN) 개발 엔지니어,딥엑스,성남 분당구,https://kr.indeed.com/viewjob?jk=-1
Diploma Student / Intern_Software Engineer_Korea,SAP,서울,https://kr.indeed.com/viewjob?jk=-1
상점 계약 운영기획 담당자,메쉬코리아,서울 강남구,https://kr.indeed.com/viewjob?jk=-1
[HYBE] 데이터분석,하이브,서울 용산구,https://kr.indeed.com/viewjob?jk=-1
[kt ds] 2022년 각 부문별 경력사원 수시,케이티디에스,서울 서초구,https://kr.indeed.com/viewjob?jk=-1
인공지능분야 개발연구원,에듀템,서울 마포구,https://kr.indeed.com/viewjob?jk=-1
PostgreSQL Engineer 모집,카카오,성남 판교역,https://kr.indeed.com/viewjob?jk=-1
빅데이터 플랫폼 및 데이터 파이프라인 구축 인력 (2분야),지에스아이티엠,서울 종로구,https://kr.indeed.com/viewjob?jk=-1
"[광고 추천] 데이터 사이언스, 머신러닝 전문가 영입",카카오,성남 판교역,https://kr.indeed.com/viewjob?jk=-1
Python Programmer,Mofac,서울 서초구,https://kr.indeed.com/viewjob?jk=-1
게임데이터 분석 및 지표 개발자 모집,엔씨소프트,성남 판교역,https://kr.indeed.com/viewjob?jk=-1
[FashionGo korea] 추천 통계 분석 및 모델 연구 개발,NHN FashionGo korea] [FashionGo korea,성남 판교역,https://kr.indeed.com/viewjob?jk=-1
한국리스크관리 금융IT개발 개발자,한국리스크관리,서울 종로구,https://kr.indeed.com/viewjob?jk=-1
자산운용팀 전략/리스크팀 퀀트(겨울방학 인턴),마이퍼스트에셋자산운용,대한민국,https://kr.indeed.com/viewjob?jk=-1
[인재풀] 아티스트 ART,Electronic Arts,서울,https://kr.indeed.com/viewjob?jk=-1
기술 문서 작성 전문가,딥엑스,성남 분당구,https://kr.indeed.com/viewjob?jk=-1
서울대학교 AI연구원 인턴,서울대학교 AI연구원,서울 관악구,https://kr.indeed.com/viewjob?jk=-1
Quantitative Research Intern,WorldQuant,서울,https://kr.indeed.com/viewjob?jk=-1
Network Engineer,에스케이텔레콤,서울 중구,https://kr.indeed.com/viewjob?jk=-1
"데이터 분석 위한 경력 프로그래머(Java, Python)",비즈플러그,서울 영등포구,https://kr.indeed.com/viewjob?jk=-1
[데이터] 데이터 서비스/플랫폼 개발,NHN] [데이터,성남 판교역,https://kr.indeed.com/viewjob?jk=-1
딥러닝 알고리즘 및 응용 Engineer,딥엑스,성남 분당구,https://kr.indeed.com/viewjob?jk=-1
[취업연계 무료교육] 스마트 안전진단 비파괴검사 전문가 양성 과정 교육생,한국산업기술협회,서울,https://kr.indeed.com/viewjob?jk=-1
LG유플러스,무관,서울,https://kr.indeed.com/viewjob?jk=-1
IT 솔루션 대기업 기술 연구소 다수,에이랩,성남 분당구,https://kr.indeed.com/viewjob?jk=-1
"S/W개발자, H/W개발자, 기구설계 전문가",뉴로직,서울 강서구,https://kr.indeed.com/viewjob?jk=-1
Machine Learning Researcher – Audio and Speech,Qcom,서울,https://kr.indeed.com/viewjob?jk=-1
ML Modeler,비바리퍼블리카,서울 강남구,https://kr.indeed.com/viewjob?jk=-1
[데이터실] (경력/신입) 카카오 데이터실 Data Scientist / Data Engineer 모집,카카오,성남 판교역,https://kr.indeed.com/viewjob?jk=-1
Web / Spring Framework 개발자,에릭슨엘지,서울 금천구,https://kr.indeed.com/viewjob?jk=-1
Software Engineer for Deep Learning Enablement,Qcom,서울,https://kr.indeed.com/viewjob?jk=-1
[쿠키런: 오븐브레이크] 데이터 분석가 (경력),데브시스터즈,서울 강남구,https://kr.indeed.com/viewjob?jk=-1
[대형증권사] IT퀀트 개발자,인코리아 프로페셔널,서울 강남구,https://kr.indeed.com/viewjob?jk=-1
2022 SSG TECH Rookie 대규모,에스에스지닷컴,서울 종로구,https://kr.indeed.com/viewjob?jk=-1
[전문연구요원] 반도체IP SW 개발자,칩스앤미디어,서울 강남구,https://kr.indeed.com/viewjob?jk=-1
[NAVER Cloud] Media 서비스 개발,네이버클라우드,성남 분당구,https://kr.indeed.com/viewjob?jk=-1
"Software Engineer Intern– Software, Machine Learning, Data S...",BOEING,서울,https://kr.indeed.com/viewjob?jk=a185cd83b15e9837
바른ICT연구소 프로그래머 인턴,연세대학교,서울 신촌역,https://kr.indeed.com/viewjob?jk=42dc34d846250c97
AI 모빌리티 서비스의 미래 함께 열어갈 우수한 인재 찾습니다.,라온로드,성남 분당구,https://kr.indeed.com/viewjob?jk=5133adebeb209d23
"서버엔진 개발자 정규직 직원 ( C++, Python )",하몬소프트,서울 금천구,https://kr.indeed.com/viewjob?jk=0b15c7881ef76f10
(주)네패스 인공지능연구소 전문연구요원,네패스,서울 서초구,https://kr.indeed.com/viewjob?jk=4dc08716acc80588
2022년 4월 롯데멤버스 신입사원 일반전형,롯데멤버스,서울 중구,https://kr.indeed.com/viewjob?jk=d5b3958637d1f0a6
한국전자금융 상반기 각 부문,한국전자금융,서울 마포구,https://kr.indeed.com/viewjob?jk=3bd4b3a778c2d8ad
Game Data Analyst (FPS),오피지지,서울 강남구,https://kr.indeed.com/viewjob?jk=d2e02683e82fab25
[클라우드플랫폼실] System Engineering팀 클라우드 엔지니어,야놀자,서울 강남구,https://kr.indeed.com/viewjob?jk=4ae5eb5bb613a826
"개발자 - Python 프로그래밍과 Java, C 소스코드 분석",바인테크,서울 송파구,https://kr.indeed.com/viewjob?jk=4cc15c26097421c5
2022년 자동화제어 실무자 과정 교육생,한국자동차연구원,충청남도,https://kr.indeed.com/viewjob?jk=da6a0ddcccd63af5
데이터 엔지니어 (전문연구요원 가능),메쉬코리아,서울 강남구,https://kr.indeed.com/viewjob?jk=f8770ce02276dab1
[HDC랩스] 2022년 상반기 기술연구소 경력,에이치디씨랩스,성남 분당구,https://kr.indeed.com/viewjob?jk=b9e74677c7baa853
A.I.개발자,파이프트리스마트팜,서울 송파구,https://kr.indeed.com/viewjob?jk=229eb9cfd32480ed
딥엑스 NPU SDK (DXNN) 개발 엔지니어,딥엑스,성남 분당구,https://kr.indeed.com/viewjob?jk=8e91aa6c93de1790
Diploma Student / Intern_Software Engineer_Korea,SAP,서울,https://kr.indeed.com/viewjob?jk=aa501a963588115d
상점 계약 운영기획 담당자,메쉬코리아,서울 강남구,https://kr.indeed.com/viewjob?jk=4409541acefbf14a
[HYBE] 데이터분석,하이브,서울 용산구,https://kr.indeed.com/viewjob?jk=444cf80dd61163ec
[kt ds] 2022년 각 부문별 경력사원 수시,케이티디에스,서울 서초구,https://kr.indeed.com/viewjob?jk=b515669e8032265b
인공지능분야 개발연구원,에듀템,서울 마포구,https://kr.indeed.com/viewjob?jk=66b192eca99fa208
PostgreSQL Engineer 모집,카카오,성남 판교역,https://kr.indeed.com/viewjob?jk=5e83925b851c406f
빅데이터 플랫폼 및 데이터 파이프라인 구축 인력 (2분야),지에스아이티엠,서울 종로구,https://kr.indeed.com/viewjob?jk=d430486b959b2ddb
"[광고 추천] 데이터 사이언스, 머신러닝 전문가 영입",카카오,성남 판교역,https://kr.indeed.com/viewjob?jk=62207843f8aee746
Python Programmer,Mofac,서울 서초구,https://kr.indeed.com/viewjob?jk=df21e3bb5d773616
게임데이터 분석 및 지표 개발자 모집,엔씨소프트,성남 판교역,https://kr.indeed.com/viewjob?jk=2cf7a508e0db24a2
[FashionGo korea] 추천 통계 분석 및 모델 연구 개발,NHN FashionGo korea] [FashionGo korea,성남 판교역,https://kr.indeed.com/viewjob?jk=e13c32ba4eff23da
한국리스크관리 금융IT개발 개발자,한국리스크관리,서울 종로구,https://kr.indeed.com/viewjob?jk=d4c3c12ac6af3834
자산운용팀 전략/리스크팀 퀀트(겨울방학 인턴),마이퍼스트에셋자산운용,대한민국,https://kr.indeed.com/viewjob?jk=872035f47cfd4850
[인재풀] 아티스트 ART,Electronic Arts,서울,https://kr.indeed.com/viewjob?jk=aac8e9355cb855ac
기술 문서 작성 전문가,딥엑스,성남 분당구,https://kr.indeed.com/viewjob?jk=44f52ea73a6d25da
서울대학교 AI연구원 인턴,서울대학교 AI연구원,서울 관악구,https://kr.indeed.com/viewjob?jk=f56b4b9b5fa26dc9
Quantitative Research Intern,WorldQuant,서울,https://kr.indeed.com/viewjob?jk=4a0a7b36dbc554f9
Network Engineer,에스케이텔레콤,서울 중구,https://kr.indeed.com/viewjob?jk=ef4f835e3c0b953e
"데이터 분석 위한 경력 프로그래머(Java, Python)",비즈플러그,서울 영등포구,https://kr.indeed.com/viewjob?jk=22f66440e8c8044c
[데이터] 데이터 서비스/플랫폼 개발,NHN] [데이터,성남 판교역,https://kr.indeed.com/viewjob?jk=031eec3794f09645
딥러닝 알고리즘 및 응용 Engineer,딥엑스,성남 분당구,https://kr.indeed.com/viewjob?jk=35f0a25dee5f3312
[취업연계 무료교육] 스마트 안전진단 비파괴검사 전문가 양성 과정 교육생,한국산업기술협회,서울,https://kr.indeed.com/viewjob?jk=81e6c1f49d48d393
LG유플러스,무관,서울,https://kr.indeed.com/viewjob?jk=abdc136f65ceddd4
IT 솔루션 대기업 기술 연구소 다수,에이랩,성남 분당구,https://kr.indeed.com/viewjob?jk=7dc71e20f9c9440b
"S/W개발자, H/W개발자, 기구설계 전문가",뉴로직,서울 강서구,https://kr.indeed.com/viewjob?jk=b40a09bb26c18930
Machine Learning Researcher – Audio and Speech,Qcom,서울,https://kr.indeed.com/viewjob?jk=317d9a9e34ca6a93
ML Modeler,비바리퍼블리카,서울 강남구,https://kr.indeed.com/viewjob?jk=46620da0e36aa151
[데이터실] (경력/신입) 카카오 데이터실 Data Scientist / Data Engineer 모집,카카오,성남 판교역,https://kr.indeed.com/viewjob?jk=286fb10394b17d67
Web / Spring Framework 개발자,에릭슨엘지,서울 금천구,https://kr.indeed.com/viewjob?jk=3c1c5dc51d08cf18
Software Engineer for Deep Learning Enablement,Qcom,서울,https://kr.indeed.com/viewjob?jk=9f6e0c2b3a731b0f
[쿠키런: 오븐브레이크] 데이터 분석가 (경력),데브시스터즈,서울 강남구,https://kr.indeed.com/viewjob?jk=8ce6cbedafd12e14
[대형증권사] IT퀀트 개발자,인코리아 프로페셔널,서울 강남구,https://kr.indeed.com/viewjob?jk=d75dda115e6bbcd5
2022 SSG TECH Rookie 대규모,에스에스지닷컴,서울 종로구,https://kr.indeed.com/viewjob?jk=694dfebf22304f4a
[전문연구요원] 반도체IP SW 개발자,칩스앤미디어,서울 강남구,https://kr.indeed.com/viewjob?jk=6c747a14b86bc843
[NAVER Cloud] Media 서비스 개발,네이버클라우드,성남 분당구,https://kr.indeed.com/viewjob?jk=68b7dec545fc950f
"Software Engineer Intern– Software, Machine Learning, Data S...",BOEING,서울,https://kr.indeed.com/viewjob?jk=a185cd83b15e9837
바른ICT연구소 프로그래머 인턴,연세대학교,서울 신촌역,https://kr.indeed.com/viewjob?jk=42dc34d846250c97
AI 모빌리티 서비스의 미래 함께 열어갈 우수한 인재 찾습니다.,라온로드,성남 분당구,https://kr.indeed.com/viewjob?jk=5133adebeb209d23
"서버엔진 개발자 정규직 직원 ( C++, Python )",하몬소프트,서울 금천구,https://kr.indeed.com/viewjob?jk=0b15c7881ef76f10
(주)네패스 인공지능연구소 전문연구요원,네패스,서울 서초구,https://kr.indeed.com/viewjob?jk=4dc08716acc80588
2022년 4월 롯데멤버스 신입사원 일반전형,롯데멤버스,서울 중구,https://kr.indeed.com/viewjob?jk=d5b3958637d1f0a6
한국전자금융 상반기 각 부문,한국전자금융,서울 마포구,https://kr.indeed.com/viewjob?jk=3bd4b3a778c2d8ad
Game Data Analyst (FPS),오피지지,서울 강남구,https://kr.indeed.com/viewjob?jk=d2e02683e82fab25
[클라우드플랫폼실] System Engineering팀 클라우드 엔지니어,야놀자,서울 강남구,https://kr.indeed.com/viewjob?jk=4ae5eb5bb613a826
"개발자 - Python 프로그래밍과 Java, C 소스코드 분석",바인테크,서울 송파구,https://kr.indeed.com/viewjob?jk=4cc15c26097421c5
2022년 자동화제어 실무자 과정 교육생,한국자동차연구원,충청남도,https://kr.indeed.com/viewjob?jk=da6a0ddcccd63af5
데이터 엔지니어 (전문연구요원 가능),메쉬코리아,서울 강남구,https://kr.indeed.com/viewjob?jk=f8770ce02276dab1
[HDC랩스] 2022년 상반기 기술연구소 경력,에이치디씨랩스,성남 분당구,https://kr.indeed.com/viewjob?jk=b9e74677c7baa853
A.I.개발자,파이프트리스마트팜,서울 송파구,https://kr.indeed.com/viewjob?jk=229eb9cfd32480ed
딥엑스 NPU SDK (DXNN) 개발 엔지니어,딥엑스,성남 분당구,https://kr.indeed.com/viewjob?jk=8e91aa6c93de1790
Diploma Student / Intern_Software Engineer_Korea,SAP,서울,https://kr.indeed.com/viewjob?jk=aa501a963588115d
상점 계약 운영기획 담당자,메쉬코리아,서울 강남구,https://kr.indeed.com/viewjob?jk=4409541acefbf14a
[HYBE] 데이터분석,하이브,서울 용산구,https://kr.indeed.com/viewjob?jk=444cf80dd61163ec
[kt ds] 2022년 각 부문별 경력사원 수시,케이티디에스,서울 서초구,https://kr.indeed.com/viewjob?jk=b515669e8032265b
인공지능분야 개발연구원,에듀템,서울 마포구,https://kr.indeed.com/viewjob?jk=66b192eca99fa208
PostgreSQL Engineer 모집,카카오,성남 판교역,https://kr.indeed.com/viewjob?jk=5e83925b851c406f
빅데이터 플랫폼 및 데이터 파이프라인 구축 인력 (2분야),지에스아이티엠,서울 종로구,https://kr.indeed.com/viewjob?jk=d430486b959b2ddb
"[광고 추천] 데이터 사이언스, 머신러닝 전문가 영입",카카오,성남 판교역,https://kr.indeed.com/viewjob?jk=62207843f8aee746
Python Programmer,Mofac,서울 서초구,https://kr.indeed.com/viewjob?jk=df21e3bb5d773616
게임데이터 분석 및 지표 개발자 모집,엔씨소프트,성남 판교역,https://kr.indeed.com/viewjob?jk=2cf7a508e0db24a2
[FashionGo korea] 추천 통계 분석 및 모델 연구 개발,NHN FashionGo korea] [FashionGo korea,성남 판교역,https://kr.indeed.com/viewjob?jk=e13c32ba4eff23da
한국리스크관리 금융IT개발 개발자,한국리스크관리,서울 종로구,https://kr.indeed.com/viewjob?jk=d4c3c12ac6af3834
자산운용팀 전략/리스크팀 퀀트(겨울방학 인턴),마이퍼스트에셋자산운용,대한민국,https://kr.indeed.com/viewjob?jk=872035f47cfd4850
[인재풀] 아티스트 ART,Electronic Arts,서울,https://kr.indeed.com/viewjob?jk=aac8e9355cb855ac
기술 문서 작성 전문가,딥엑스,성남 분당구,https://kr.indeed.com/viewjob?jk=44f52ea73a6d25da
서울대학교 AI연구원 인턴,서울대학교 AI연구원,서울 관악구,https://kr.indeed.com/viewjob?jk=f56b4b9b5fa26dc9
Quantitative Research Intern,WorldQuant,서울,https://kr.indeed.com/viewjob?jk=4a0a7b36dbc554f9
Network Engineer,에스케이텔레콤,서울 중구,https://kr.indeed.com/viewjob?jk=ef4f835e3c0b953e
"데이터 분석 위한 경력 프로그래머(Java, Python)",비즈플러그,서울 영등포구,https://kr.indeed.com/viewjob?jk=22f66440e8c8044c
[데이터] 데이터 서비스/플랫폼 개발,NHN] [데이터,성남 판교역,https://kr.indeed.com/viewjob?jk=031eec3794f09645
딥러닝 알고리즘 및 응용 Engineer,딥엑스,성남 분당구,https://kr.indeed.com/viewjob?jk=35f0a25dee5f3312
[취업연계 무료교육] 스마트 안전진단 비파괴검사 전문가 양성 과정 교육생,한국산업기술협회,서울,https://kr.indeed.com/viewjob?jk=81e6c1f49d48d393
LG유플러스,무관,서울,https://kr.indeed.com/viewjob?jk=abdc136f65ceddd4
IT 솔루션 대기업 기술 연구소 다수,에이랩,성남 분당구,https://kr.indeed.com/viewjob?jk=7dc71e20f9c9440b
"S/W개발자, H/W개발자, 기구설계 전문가",뉴로직,서울 강서구,https://kr.indeed.com/viewjob?jk=b40a09bb26c18930
Machine Learning Researcher – Audio and Speech,Qcom,서울,https://kr.indeed.com/viewjob?jk=317d9a9e34ca6a93
ML Modeler,비바리퍼블리카,서울 강남구,https://kr.indeed.com/viewjob?jk=46620da0e36aa151
[데이터실] (경력/신입) 카카오 데이터실 Data Scientist / Data Engineer 모집,카카오,성남 판교역,https://kr.indeed.com/viewjob?jk=286fb10394b17d67
Web / Spring Framework 개발자,에릭슨엘지,서울 금천구,https://kr.indeed.com/viewjob?jk=3c1c5dc51d08cf18
Software Engineer for Deep Learning Enablement,Qcom,서울,https://kr.indeed.com/viewjob?jk=9f6e0c2b3a731b0f
[쿠키런: 오븐브레이크] 데이터 분석가 (경력),데브시스터즈,서울 강남구,https://kr.indeed.com/viewjob?jk=8ce6cbedafd12e14
[대형증권사] IT퀀트 개발자,인코리아 프로페셔널,서울 강남구,https://kr.indeed.com/viewjob?jk=d75dda115e6bbcd5
2022 SSG TECH Rookie 대규모,에스에스지닷컴,서울 종로구,https://kr.indeed.com/viewjob?jk=694dfebf22304f4a
[전문연구요원] 반도체IP SW 개발자,칩스앤미디어,서울 강남구,https://kr.indeed.com/viewjob?jk=6c747a14b86bc843
[NAVER Cloud] Media 서비스 개발,네이버클라우드,성남 분당구,https://kr.indeed.com/viewjob?jk=68b7dec545fc950f
"Software Engineer Intern– Software, Machine Learning, Data S...",BOEING,서울,https://kr.indeed.com/viewjob?jk=-1
바른ICT연구소 프로그래머 인턴,연세대학교,서울 신촌역,https://kr.indeed.com/viewjob?jk=-1
AI 모빌리티 서비스의 미래 함께 열어갈 우수한 인재 찾습니다.,라온로드,성남 분당구,https://kr.indeed.com/viewjob?jk=-1
"서버엔진 개발자 정규직 직원 ( C++, Python )",하몬소프트,서울 금천구,https://kr.indeed.com/viewjob?jk=-1
(주)네패스 인공지능연구소 전문연구요원,네패스,서울 서초구,https://kr.indeed.com/viewjob?jk=-1
2022년 4월 롯데멤버스 신입사원 일반전형,롯데멤버스,서울 중구,https://kr.indeed.com/viewjob?jk=-1
한국전자금융 상반기 각 부문,한국전자금융,서울 마포구,https://kr.indeed.com/viewjob?jk=-1
Game Data Analyst (FPS),오피지지,서울 강남구,https://kr.indeed.com/viewjob?jk=-1
[클라우드플랫폼실] System Engineering팀 클라우드 엔지니어,야놀자,서울 강남구,https://kr.indeed.com/viewjob?jk=-1
"개발자 - Python 프로그래밍과 Java, C 소스코드 분석",바인테크,서울 송파구,https://kr.indeed.com/viewjob?jk=-1
2022년 자동화제어 실무자 과정 교육생,한국자동차연구원,충청남도,https://kr.indeed.com/viewjob?jk=-1
데이터 엔지니어 (전문연구요원 가능),메쉬코리아,서울 강남구,https://kr.indeed.com/viewjob?jk=-1
[HDC랩스] 2022년 상반기 기술연구소 경력,에이치디씨랩스,성남 분당구,https://kr.indeed.com/viewjob?jk=-1
A.I.개발자,파이프트리스마트팜,서울 송파구,https://kr.indeed.com/viewjob?jk=-1
딥엑스 NPU SDK (DXNN) 개발 엔지니어,딥엑스,성남 분당구,https://kr.indeed.com/viewjob?jk=-1
Diploma Student / Intern_Software Engineer_Korea,SAP,서울,https://kr.indeed.com/viewjob?jk=-1
상점 계약 운영기획 담당자,메쉬코리아,서울 강남구,https://kr.indeed.com/viewjob?jk=-1
[HYBE] 데이터분석,하이브,서울 용산구,https://kr.indeed.com/viewjob?jk=-1
[kt ds] 2022년 각 부문별 경력사원 수시,케이티디에스,서울 서초구,https://kr.indeed.com/viewjob?jk=-1
인공지능분야 개발연구원,에듀템,서울 마포구,https://kr.indeed.com/viewjob?jk=-1
PostgreSQL Engineer 모집,카카오,성남 판교역,https://kr.indeed.com/viewjob?jk=-1
빅데이터 플랫폼 및 데이터 파이프라인 구축 인력 (2분야),지에스아이티엠,서울 종로구,https://kr.indeed.com/viewjob?jk=-1
"[광고 추천] 데이터 사이언스, 머신러닝 전문가 영입",카카오,성남 판교역,https://kr.indeed.com/viewjob?jk=-1
Python Programmer,Mofac,서울 서초구,https://kr.indeed.com/viewjob?jk=-1
게임데이터 분석 및 지표 개발자 모집,엔씨소프트,성남 판교역,https://kr.indeed.com/viewjob?jk=-1
[FashionGo korea] 추천 통계 분석 및 모델 연구 개발,NHN FashionGo korea] [FashionGo korea,성남 판교역,https://kr.indeed.com/viewjob?jk=-1
한국리스크관리 금융IT개발 개발자,한국리스크관리,서울 종로구,https://kr.indeed.com/viewjob?jk=-1
자산운용팀 전략/리스크팀 퀀트(겨울방학 인턴),마이퍼스트에셋자산운용,대한민국,https://kr.indeed.com/viewjob?jk=-1
[인재풀] 아티스트 ART,Electronic Arts,서울,https://kr.indeed.com/viewjob?jk=-1
기술 문서 작성 전문가,딥엑스,성남 분당구,https://kr.indeed.com/viewjob?jk=-1
서울대학교 AI연구원 인턴,서울대학교 AI연구원,서울 관악구,https://kr.indeed.com/viewjob?jk=-1
Quantitative Research Intern,WorldQuant,서울,https://kr.indeed.com/viewjob?jk=-1
Network Engineer,에스케이텔레콤,서울 중구,https://kr.indeed.com/viewjob?jk=-1
"데이터 분석 위한 경력 프로그래머(Java, Python)",비즈플러그,서울 영등포구,https://kr.indeed.com/viewjob?jk=-1
[데이터] 데이터 서비스/플랫폼 개발,NHN] [데이터,성남 판교역,https://kr.indeed.com/viewjob?jk=-1
딥러닝 알고리즘 및 응용 Engineer,딥엑스,성남 분당구,https://kr.indeed.com/viewjob?jk=-1
[취업연계 무료교육] 스마트 안전진단 비파괴검사 전문가 양성 과정 교육생,한국산업기술협회,서울,https://kr.indeed.com/viewjob?jk=-1
LG유플러스,무관,서울,https://kr.indeed.com/viewjob?jk=-1
IT 솔루션 대기업 기술 연구소 다수,에이랩,성남 분당구,https://kr.indeed.com/viewjob?jk=-1
"S/W개발자, H/W개발자, 기구설계 전문가",뉴로직,서울 강서구,https://kr.indeed.com/viewjob?jk=-1
Machine Learning Researcher – Audio and Speech,Qcom,서울,https://kr.indeed.com/viewjob?jk=-1
ML Modeler,비바리퍼블리카,서울 강남구,https://kr.indeed.com/viewjob?jk=-1
[데이터실] (경력/신입) 카카오 데이터실 Data Scientist / Data Engineer 모집,카카오,성남 판교역,https://kr.indeed.com/viewjob?jk=-1
Web / Spring Framework 개발자,에릭슨엘지,서울 금천구,https://kr.indeed.com/viewjob?jk=-1
Software Engineer for Deep Learning Enablement,Qcom,서울,https://kr.indeed.com/viewjob?jk=-1
[쿠키런: 오븐브레이크] 데이터 분석가 (경력),데브시스터즈,서울 강남구,https://kr.indeed.com/viewjob?jk=-1
[대형증권사] IT퀀트 개발자,인코리아 프로페셔널,서울 강남구,https://kr.indeed.com/viewjob?jk=-1
2022 SSG TECH Rookie 대규모,에스에스지닷컴,서울 종로구,https://kr.indeed.com/viewjob?jk=-1
[전문연구요원] 반도체IP SW 개발자,칩스앤미디어,서울 강남구,https://kr.indeed.com/viewjob?jk=-1
[NAVER Cloud] Media 서비스 개발,네이버클라우드,성남 분당구,https://kr.indeed.com/viewjob?jk=-1
